product_id;product_name;category_id;subcategory;price;cost;in_stock;created_date
1;Товар 0001;2;Новинки;11084;4984;2;2024-06-05
2;Товар 0002;4;Популярные;8011;5139;43;2023-06-13
3;Товар 0003;5;Новинки;8679;6007;84;2024-06-11
4;Товар 0004;4;Премиум;14936;10195;25;2024-01-20
5;Товар 0005;21;Распродажа;1754;875;92;2024-01-13
6;Товар 0006;2;Распродажа;5114;2153;48;2023-09-13
7;Товар 0007;12;Премиум;48355;32699;27;2023-12-19
8;Товар 0008;11;Популярные;50178;36057;75;2024-04-19
9;Товар 0009;22;Новинки;11275;6859;71;2024-11-22
10;Товар 0010;4;Распродажа;12825;5561;80;2025-07-02
11;Товар 0011;3;Новинки;10964;5682;55;2024-01-04
12;Товар 0012;1;Новинки;12729;7518;33;2024-09-05
13;Товар 0013;12;Распродажа;73239;54154;51;2025-05-25
14;Товар 0014;12;Распродажа;16173;12058;3;2025-07-06
15;Товар 0015;4;Новинки;6053;3753;40;2023-05-10
16;Товар 0016;11;Распродажа;19875;14124;55;2023-03-30
17;Товар 0017;11;Новинки;72258;52426;91;2023-03-20
18;Товар 0018;2;Популярные;12584;8466;10;2023-10-27
19;Товар 0019;21;Распродажа;5970;3286;8;2024-02-23
20;Товар 0020;5;Премиум;6774;3729;86;2023-09-08
21;Товар 0021;3;Распродажа;9401;4661;5;2024-01-30
22;Товар 0022;2;Новинки;13669;7332;62;2024-09-18
23;Товар 0023;2;Распродажа;591;408;55;2024-12-29
24;Товар 0024;12;Распродажа;29962;18413;11;2023-09-25
25;Товар 0025;4;Популярные;8947;4821;86;2025-05-25
26;Товар 0026;3;Распродажа;3735;1894;65;2024-04-14
27;Товар 0027;5;Популярные;6791;3417;81;2025-06-10
28;Товар 0028;21;Новинки;841;446;99;2024-02-28
29;Товар 0029;4;Премиум;11907;8037;30;2025-02-17
30;Товар 0030;3;Распродажа;689;352;11;2023-04-15
31;Товар 0031;22;Новинки;11359;6285;43;2024-10-06
32;Товар 0032;22;Распродажа;783;479;48;2023-12-15
33;Товар 0033;1;Распродажа;8843;4814;88;2025-06-03
34;Товар 0034;22;Новинки;1034;543;77;2024-04-29
35;Товар 0035;11;Новинки;27728;20004;49;2024-03-14
36;Товар 0036;12;Премиум;42580;29904;68;2023-08-25
37;Товар 0037;5;Премиум;13210;5872;89;2024-11-12
38;Товар 0038;5;Популярные;12747;7923;28;2025-01-27
39;Товар 0039;2;Премиум;9236;6083;83;2023-09-22
40;Товар 0040;12;Популярные;69394;51451;64;2023-09-18
41;Товар 0041;22;Новинки;8761;4892;100;2024-08-27
42;Товар 0042;5;Новинки;14559;9189;81;2025-04-19
43;Товар 0043;11;Распродажа;37230;24123;100;2024-06-13
44;Товар 0044;4;Новинки;2423;992;97;2023-12-08
45;Товар 0045;12;Новинки;21711;16295;32;2025-05-05
46;Товар 0046;2;Премиум;14715;5925;29;2023-07-31
47;Товар 0047;3;Премиум;9089;4673;89;2024-05-30
48;Товар 0048;5;Популярные;2908;1688;67;2023-06-29
49;Товар 0049;22;Новинки;4597;2562;96;2024-01-23
50;Товар 0050;22;Новинки;3978;1606;74;2025-04-19
51;Товар 0051;4;Распродажа;7798;3382;17;2025-05-27
52;Товар 0052;11;Популярные;61501;37798;9;2024-03-26
53;Товар 0053;2;Популярные;6381;3500;17;2023-07-01
54;Товар 0054;11;Популярные;74249;58293;83;2024-10-10
55;Товар 0055;22;Распродажа;10396;5251;42;2024-04-19
56;Товар 0056;12;Популярные;34869;21242;37;2023-04-24
57;Товар 0057;22;Новинки;14547;6362;27;2023-04-15
58;Товар 0058;12;Популярные;49241;30354;16;2024-01-13
59;Товар 0059;2;Популярные;3457;1625;60;2023-04-11
60;Товар 0060;12;Популярные;65227;52059;54;2023-10-29
61;Товар 0061;4;Популярные;10387;5365;97;2023-04-07
62;Товар 0062;1;Премиум;8262;4548;42;2023-04-23
63;Товар 0063;22;Премиум;14020;6734;93;2025-03-26
64;Товар 0064;2;Распродажа;10207;4575;86;2024-07-30
65;Товар 0065;5;Популярные;12845;5343;12;2023-09-09
66;Товар 0066;1;Новинки;14810;8594;55;2024-03-12
67;Товар 0067;4;Популярные;4110;2255;46;2024-11-05
68;Товар 0068;12;Новинки;69072;48646;7;2025-01-22
69;Товар 0069;21;Новинки;1518;691;20;2025-05-14
70;Товар 0070;22;Премиум;1109;486;43;2025-01-05
71;Товар 0071;1;Популярные;6491;4005;57;2023-07-12
72;Товар 0072;22;Распродажа;4982;3180;55;2024-12-24
73;Товар 0073;3;Новинки;12874;7575;96;2025-02-10
74;Товар 0074;3;Новинки;3843;2487;3;2024-05-27
75;Товар 0075;4;Популярные;2739;1119;62;2023-03-25
76;Товар 0076;21;Новинки;7199;2893;91;2023-09-08
77;Товар 0077;12;Распродажа;53544;42372;44;2025-03-06
78;Товар 0078;2;Распродажа;7667;5052;88;2023-06-26
79;Товар 0079;21;Новинки;11210;5775;53;2023-07-18
80;Товар 0080;22;Премиум;5427;3560;28;2024-10-25
81;Товар 0081;11;Премиум;77336;51244;60;2024-08-28
82;Товар 0082;22;Распродажа;5522;3107;18;2023-12-26
83;Товар 0083;21;Популярные;13435;7374;33;2023-10-31
84;Товар 0084;22;Новинки;9758;4185;52;2024-11-14
85;Товар 0085;12;Премиум;50855;38144;62;2025-02-01
86;Товар 0086;22;Популярные;11773;6377;43;2025-07-23
87;Товар 0087;1;Распродажа;12565;6690;46;2023-12-14
88;Товар 0088;22;Популярные;8994;5870;50;2023-03-23
89;Товар 0089;4;Популярные;12627;7638;39;2024-03-11
90;Товар 0090;2;Распродажа;6009;2971;37;2023-08-27
91;Товар 0091;21;Новинки;7503;3135;72;2023-03-25
92;Товар 0092;12;Популярные;58575;41766;26;2023-07-04
93;Товар 0093;4;Популярные;982;509;42;2025-03-13
94;Товар 0094;11;Распродажа;74399;58230;38;2023-08-31
95;Товар 0095;1;Новинки;14596;8406;45;2024-04-12
96;Товар 0096;4;Распродажа;4083;1722;49;2023-09-29
97;Товар 0097;4;Распродажа;5809;3159;30;2024-02-29
98;Товар 0098;21;Распродажа;13201;7977;84;2024-07-30
99;Товар 0099;3;Новинки;11134;4612;6;2025-04-18
100;Товар 0100;1;Распродажа;13236;7191;58;2024-03-16
101;Товар 0101;12;Новинки;33971;24244;96;2025-01-19
102;Товар 0102;22;Распродажа;5777;4004;94;2024-12-05
103;Товар 0103;5;Распродажа;3955;1822;13;2024-10-17
104;Товар 0104;21;Премиум;8622;5807;93;2023-08-04
105;Товар 0105;2;Распродажа;7513;3010;84;2024-04-13
106;Товар 0106;21;Распродажа;3456;1935;22;2024-01-21
107;Товар 0107;11;Распродажа;51720;39426;74;2024-06-20
108;Товар 0108;11;Новинки;30435;19519;84;2023-05-22
109;Товар 0109;4;Распродажа;664;381;93;2024-06-21
110;Товар 0110;12;Премиум;22107;15305;7;2023-09-29
111;Товар 0111;3;Премиум;4362;1838;60;2024-08-28
112;Товар 0112;12;Распродажа;48477;35380;99;2024-03-05
113;Товар 0113;12;Новинки;75308;46601;11;2025-01-30
114;Товар 0114;11;Распродажа;43296;31446;4;2024-01-14
115;Товар 0115;5;Новинки;10468;4707;71;2024-04-27
116;Товар 0116;4;Распродажа;14872;8373;48;2024-12-26
117;Товар 0117;22;Популярные;1510;887;69;2025-02-19
118;Товар 0118;3;Премиум;11402;4741;33;2025-03-17
119;Товар 0119;22;Популярные;7472;4706;70;2024-06-28
120;Товар 0120;4;Новинки;11586;6053;50;2023-12-13
121;Товар 0121;12;Новинки;25345;20094;35;2024-02-19
122;Товар 0122;21;Распродажа;9369;5138;85;2024-11-21
123;Товар 0123;3;Новинки;9656;5593;47;2024-02-02
124;Товар 0124;2;Популярные;4871;2419;58;2023-10-09
125;Товар 0125;5;Новинки;5974;3274;14;2024-01-03
126;Товар 0126;3;Популярные;7996;5305;52;2023-11-08
127;Товар 0127;21;Премиум;11459;7962;50;2025-06-18
128;Товар 0128;2;Популярные;4511;2841;30;2025-06-30
129;Товар 0129;3;Новинки;4150;2313;82;2025-03-14
130;Товар 0130;5;Новинки;10004;5117;62;2024-07-09
131;Товар 0131;11;Премиум;43172;26487;98;2025-05-14
132;Товар 0132;22;Распродажа;3347;1875;64;2024-05-27
133;Товар 0133;3;Распродажа;12824;8477;10;2024-07-11
134;Товар 0134;4;Новинки;9917;6070;48;2024-12-24
135;Товар 0135;12;Новинки;33769;24722;61;2024-09-12
136;Товар 0136;4;Популярные;5757;3635;24;2024-03-04
137;Товар 0137;1;Премиум;3160;1863;91;2024-03-27
138;Товар 0138;1;Популярные;6991;3340;1;2023-08-20
139;Товар 0139;4;Премиум;9612;5119;37;2025-03-03
140;Товар 0140;1;Популярные;4132;2046;84;2023-06-28
141;Товар 0141;1;Премиум;10579;5234;46;2023-10-31
142;Товар 0142;2;Популярные;1827;950;30;2024-10-21
143;Товар 0143;5;Новинки;13767;6047;25;2025-02-14
144;Товар 0144;22;Распродажа;6443;3142;82;2024-07-04
145;Товар 0145;21;Премиум;5359;3723;48;2024-12-10
146;Товар 0146;12;Распродажа;37935;23372;75;2024-06-08
147;Товар 0147;21;Премиум;1586;904;91;2023-10-16
148;Товар 0148;21;Популярные;7315;4710;13;2024-03-17
149;Товар 0149;1;Новинки;12888;5688;5;2025-01-20
150;Товар 0150;11;Распродажа;44590;32901;56;2025-01-04
151;Товар 0151;3;Новинки;9542;5204;51;2024-06-04
152;Товар 0152;11;Премиум;77029;50150;76;2023-11-25
153;Товар 0153;1;Распродажа;9552;5203;26;2023-11-10
154;Товар 0154;1;Популярные;6939;3182;43;2024-05-18
155;Товар 0155;11;Распродажа;72890;57198;43;2023-06-18
156;Товар 0156;22;Премиум;8418;5577;72;2025-07-25
157;Товар 0157;12;Новинки;67508;45537;11;2023-09-10
158;Товар 0158;11;Премиум;32037;20757;61;2024-01-20
159;Товар 0159;3;Популярные;12766;8549;7;2024-09-28
160;Товар 0160;3;Премиум;6290;4067;62;2024-01-11
161;Товар 0161;1;Распродажа;14218;9582;54;2025-04-28
162;Товар 0162;4;Популярные;6578;3537;90;2025-01-16
163;Товар 0163;2;Новинки;3320;1509;51;2025-01-26
164;Товар 0164;1;Распродажа;6460;4314;31;2025-05-04
165;Товар 0165;22;Популярные;14102;6202;30;2024-04-05
166;Товар 0166;5;Популярные;13234;9216;35;2025-01-08
167;Товар 0167;3;Новинки;12702;8208;71;2025-06-14
168;Товар 0168;22;Распродажа;5757;3630;39;2023-04-08
169;Товар 0169;5;Распродажа;14314;9563;47;2023-08-25
170;Товар 0170;1;Распродажа;9230;5990;3;2023-05-03
171;Товар 0171;12;Распродажа;78371;49058;87;2024-08-28
172;Товар 0172;21;Премиум;3100;1339;91;2024-08-30
173;Товар 0173;12;Премиум;71242;44796;99;2024-03-26
174;Товар 0174;2;Популярные;11472;7740;98;2024-11-15
175;Товар 0175;12;Распродажа;67385;46844;74;2024-05-26
176;Товар 0176;12;Распродажа;26945;17243;45;2023-12-30
177;Товар 0177;21;Распродажа;14805;6034;24;2024-06-26
178;Товар 0178;5;Новинки;8648;3505;17;2024-06-06
179;Товар 0179;2;Популярные;687;379;82;2024-09-21
180;Товар 0180;1;Новинки;14306;9565;72;2024-01-21
181;Товар 0181;3;Новинки;5544;3274;53;2024-06-04
182;Товар 0182;5;Распродажа;8301;5043;54;2025-01-20
183;Товар 0183;2;Популярные;8420;3689;94;2023-07-13
184;Товар 0184;22;Новинки;1058;690;99;2023-08-21
185;Товар 0185;3;Распродажа;10520;4262;69;2024-10-09
186;Товар 0186;22;Популярные;9880;6583;40;2023-04-02
187;Товар 0187;21;Популярные;6860;4738;27;2023-10-04
188;Товар 0188;11;Новинки;65016;41978;83;2023-10-31
189;Товар 0189;11;Популярные;23429;16096;49;2023-08-27
190;Товар 0190;2;Новинки;11455;5431;59;2023-11-08
191;Товар 0191;12;Популярные;36750;23335;31;2023-12-27
192;Товар 0192;2;Новинки;12212;5998;15;2024-01-14
193;Товар 0193;21;Новинки;8545;4670;21;2024-10-18
194;Товар 0194;11;Премиум;62959;41441;52;2024-03-17
195;Товар 0195;12;Распродажа;28352;19868;44;2024-06-09
196;Товар 0196;5;Популярные;10299;7101;35;2023-09-09
197;Товар 0197;1;Распродажа;14227;9367;7;2025-05-16
198;Товар 0198;12;Новинки;60816;42469;62;2025-04-29
199;Товар 0199;22;Новинки;8103;5637;74;2024-05-03
200;Товар 0200;2;Новинки;4734;2877;59;2024-08-23
201;Товар 0201;3;Популярные;8398;5837;1;2025-07-29
202;Товар 0202;22;Премиум;5561;3795;10;2025-04-20
203;Товар 0203;12;Распродажа;41611;28321;22;2025-05-06
204;Товар 0204;4;Распродажа;12838;6252;18;2024-05-30
205;Товар 0205;22;Популярные;7633;4152;92;2025-01-25
206;Товар 0206;3;Новинки;6005;2930;49;2023-09-29
207;Товар 0207;11;Премиум;64256;49280;79;2023-11-27
208;Товар 0208;11;Популярные;45598;36348;88;2023-08-16
209;Товар 0209;22;Популярные;6596;3214;77;2023-10-15
210;Товар 0210;11;Популярные;63481;48295;100;2024-03-06
211;Товар 0211;22;Премиум;5900;3413;20;2025-05-08
212;Товар 0212;5;Популярные;9116;4039;9;2024-09-30
213;Товар 0213;5;Премиум;13338;5847;39;2023-07-09
214;Товар 0214;3;Распродажа;4826;2882;97;2024-12-22
215;Товар 0215;1;Распродажа;10477;4955;70;2023-12-20
216;Товар 0216;1;Популярные;11650;5468;96;2025-02-21
217;Товар 0217;12;Премиум;34114;24566;58;2025-04-25
218;Товар 0218;1;Популярные;3437;1605;71;2023-12-06
219;Товар 0219;4;Распродажа;10552;7373;96;2025-02-09
220;Товар 0220;5;Новинки;2714;1777;11;2024-10-11
221;Товар 0221;2;Популярные;12887;7501;72;2024-07-16
222;Товар 0222;1;Популярные;6490;3368;5;2023-03-23
223;Товар 0223;12;Популярные;56459;34743;24;2025-07-07
224;Товар 0224;11;Премиум;19214;12572;48;2024-01-21
225;Товар 0225;4;Распродажа;6978;3982;39;2024-06-26
226;Товар 0226;3;Распродажа;14765;7957;8;2023-11-28
227;Товар 0227;4;Премиум;13364;9014;53;2023-09-02
228;Товар 0228;22;Премиум;11131;7567;47;2025-02-26
229;Товар 0229;5;Распродажа;3954;2718;80;2024-09-17
230;Товар 0230;2;Новинки;12742;8301;38;2024-01-23
231;Товар 0231;1;Премиум;2726;1824;20;2024-02-28
232;Товар 0232;12;Премиум;65769;52006;55;2024-11-10
233;Товар 0233;1;Новинки;3440;1525;85;2024-05-19
234;Товар 0234;5;Популярные;2085;1271;15;2023-05-04
235;Товар 0235;1;Распродажа;3298;1727;54;2025-06-16
236;Товар 0236;21;Премиум;12117;7868;48;2025-02-27
237;Товар 0237;21;Новинки;11451;5897;45;2025-05-12
238;Товар 0238;22;Новинки;8638;3504;20;2024-12-13
239;Товар 0239;11;Новинки;63917;49820;17;2023-09-26
240;Товар 0240;5;Популярные;12448;7361;35;2023-09-28
241;Товар 0241;4;Новинки;13270;6349;56;2025-02-06
242;Товар 0242;5;Новинки;9046;4497;76;2025-03-19
243;Товар 0243;4;Распродажа;2333;1631;80;2025-06-26
244;Товар 0244;2;Новинки;11654;7838;40;2025-07-23
245;Товар 0245;2;Премиум;7136;3397;35;2024-08-20
246;Товар 0246;11;Распродажа;23946;16047;75;2023-05-14
247;Товар 0247;3;Новинки;11666;7674;1;2023-03-22
248;Товар 0248;5;Распродажа;6026;4066;71;2025-05-01
249;Товар 0249;2;Премиум;10644;6222;88;2024-01-02
250;Товар 0250;1;Новинки;8524;3880;35;2025-05-23
251;Товар 0251;22;Популярные;4753;2380;13;2023-04-29
252;Товар 0252;11;Премиум;78376;53539;51;2023-11-07
253;Товар 0253;4;Распродажа;7370;3528;17;2024-05-20
254;Товар 0254;21;Новинки;14551;6635;1;2023-05-17
255;Товар 0255;4;Популярные;7362;4018;0;2023-06-15
256;Товар 0256;22;Распродажа;13976;9237;6;2024-09-05
257;Товар 0257;1;Новинки;12727;8706;40;2025-05-24
258;Товар 0258;4;Распродажа;13182;8623;58;2024-01-10
259;Товар 0259;21;Новинки;11588;4931;23;2024-12-12
260;Товар 0260;2;Популярные;5106;2906;67;2023-12-09
261;Товар 0261;12;Премиум;26362;19045;1;2025-06-23
262;Товар 0262;2;Популярные;12049;6856;70;2025-05-19
263;Товар 0263;22;Новинки;9157;4837;69;2024-03-14
264;Товар 0264;2;Распродажа;6933;2831;4;2023-11-06
265;Товар 0265;3;Новинки;2541;1095;92;2023-09-07
266;Товар 0266;3;Новинки;10455;6212;56;2024-09-08
267;Товар 0267;12;Новинки;62812;49069;65;2024-07-13
268;Товар 0268;3;Популярные;3484;2325;28;2023-06-18
269;Товар 0269;12;Популярные;16710;10693;32;2023-08-31
270;Товар 0270;1;Премиум;9450;4484;65;2023-11-12
271;Товар 0271;5;Распродажа;7981;3923;76;2023-12-04
272;Товар 0272;4;Новинки;12510;8447;10;2024-07-24
273;Товар 0273;1;Новинки;8937;3918;81;2023-08-10
274;Товар 0274;1;Популярные;989;553;29;2023-03-30
275;Товар 0275;11;Распродажа;35608;24964;25;2024-01-01
276;Товар 0276;21;Новинки;14694;8193;28;2024-06-24
277;Товар 0277;21;Новинки;7084;4637;77;2025-06-25
278;Товар 0278;3;Распродажа;4499;1924;85;2023-08-11
279;Товар 0279;1;Премиум;12321;7859;71;2023-11-13
280;Товар 0280;5;Новинки;2805;1913;83;2024-07-18
281;Товар 0281;4;Новинки;10126;6149;27;2025-05-25
282;Товар 0282;12;Распродажа;53922;35696;48;2025-03-09
283;Товар 0283;1;Популярные;11536;4807;30;2025-02-18
284;Товар 0284;4;Популярные;1453;846;72;2023-08-16
285;Товар 0285;21;Популярные;8602;5472;56;2024-02-14
286;Товар 0286;5;Распродажа;5849;4068;75;2023-04-10
287;Товар 0287;2;Распродажа;14319;7871;57;2024-02-15
288;Товар 0288;21;Новинки;1358;553;87;2024-10-10
289;Товар 0289;11;Новинки;55038;36721;44;2025-07-01
290;Товар 0290;12;Премиум;78969;52167;7;2024-11-24
291;Товар 0291;2;Популярные;10721;6003;41;2023-07-13
292;Товар 0292;3;Премиум;4475;2061;91;2023-03-25
293;Товар 0293;1;Распродажа;12424;5638;40;2024-04-25
294;Товар 0294;11;Распродажа;40882;27492;69;2024-04-22
295;Товар 0295;1;Новинки;4775;3193;91;2024-06-29
296;Товар 0296;2;Популярные;3852;2235;24;2025-03-22
297;Товар 0297;11;Премиум;62890;43329;35;2024-12-02
298;Товар 0298;2;Распродажа;6493;4421;29;2025-01-16
299;Товар 0299;1;Новинки;4007;2575;7;2025-04-27
300;Товар 0300;3;Распродажа;4501;1977;62;2023-07-06
301;Товар 0301;11;Новинки;48265;34935;32;2023-06-03
302;Товар 0302;12;Премиум;33304;21931;45;2023-12-21
303;Товар 0303;5;Премиум;11186;4630;54;2023-07-22
304;Товар 0304;11;Премиум;39869;25487;23;2024-08-01
305;Товар 0305;4;Распродажа;12696;6154;15;2023-05-26
306;Товар 0306;11;Популярные;30101;23825;60;2025-05-03
307;Товар 0307;21;Популярные;12774;6725;61;2025-03-28
308;Товар 0308;2;Популярные;13330;6321;87;2023-09-20
309;Товар 0309;5;Премиум;11303;7360;98;2023-10-02
310;Товар 0310;2;Распродажа;9551;4917;21;2025-02-18
311;Товар 0311;11;Распродажа;23682;17853;85;2024-07-26
312;Товар 0312;22;Популярные;6930;4036;28;2023-08-04
313;Товар 0313;3;Новинки;11969;8297;95;2024-08-12
314;Товар 0314;12;Распродажа;30361;20146;1;2024-05-05
315;Товар 0315;3;Распродажа;2400;1379;65;2024-03-05
316;Товар 0316;12;Новинки;65455;40467;27;2025-05-05
317;Товар 0317;4;Новинки;14908;10408;24;2024-06-18
318;Товар 0318;3;Новинки;9729;3975;84;2023-04-27
319;Товар 0319;2;Распродажа;10812;6051;22;2023-09-26
320;Товар 0320;2;Популярные;7444;4237;51;2025-01-28
321;Товар 0321;21;Премиум;6108;3414;90;2024-02-05
322;Товар 0322;2;Новинки;6937;3328;68;2024-10-21
323;Товар 0323;2;Новинки;12483;5195;52;2023-05-02
324;Товар 0324;3;Популярные;11911;5066;50;2023-03-19
325;Товар 0325;4;Распродажа;5376;3128;16;2023-12-06
326;Товар 0326;3;Популярные;11704;6812;84;2024-10-28
327;Товар 0327;11;Распродажа;24576;18875;42;2025-04-13
328;Товар 0328;4;Премиум;8954;4680;74;2024-09-09
329;Товар 0329;22;Премиум;8416;3794;88;2023-07-17
330;Товар 0330;11;Премиум;46160;31390;80;2024-11-09
331;Товар 0331;5;Популярные;5770;3057;37;2024-02-12
332;Товар 0332;11;Премиум;61499;43305;17;2023-10-15
333;Товар 0333;2;Новинки;8433;5470;78;2023-08-26
334;Товар 0334;11;Новинки;79518;49349;88;2025-04-20
335;Товар 0335;21;Премиум;10306;6227;34;2025-05-17
336;Товар 0336;12;Премиум;76107;51095;64;2024-11-17
337;Товар 0337;3;Популярные;14252;8523;25;2025-08-03
338;Товар 0338;21;Распродажа;1430;826;55;2023-09-13
339;Товар 0339;4;Распродажа;2814;1650;12;2023-09-03
340;Товар 0340;5;Премиум;13588;9454;86;2024-10-29
341;Товар 0341;2;Новинки;5627;3769;31;2024-03-20
342;Товар 0342;1;Популярные;9043;4257;41;2025-01-01
343;Товар 0343;4;Распродажа;4548;3095;63;2024-09-17
344;Товар 0344;12;Премиум;47763;28787;2;2023-11-18
345;Товар 0345;2;Популярные;14615;8940;36;2024-10-24
346;Товар 0346;3;Премиум;11130;6053;78;2024-05-11
347;Товар 0347;2;Популярные;8416;5057;73;2025-05-22
348;Товар 0348;21;Популярные;13338;6282;57;2023-04-18
349;Товар 0349;22;Распродажа;3295;1616;55;2023-05-01
350;Товар 0350;4;Новинки;4086;2549;47;2025-06-22
351;Товар 0351;5;Новинки;1951;1142;82;2024-08-31
352;Товар 0352;22;Популярные;13064;6384;54;2023-04-16
353;Товар 0353;4;Распродажа;9996;6380;79;2023-08-30
354;Товар 0354;3;Популярные;6298;4383;92;2024-11-02
355;Товар 0355;1;Распродажа;1091;646;9;2024-10-30
356;Товар 0356;1;Премиум;3306;1755;46;2025-06-28
357;Товар 0357;11;Премиум;45273;28430;24;2025-03-18
358;Товар 0358;4;Популярные;11408;4853;8;2024-09-24
359;Товар 0359;1;Распродажа;14990;8281;6;2024-07-24
360;Товар 0360;22;Распродажа;2151;1304;23;2024-11-26
361;Товар 0361;22;Премиум;11112;7360;90;2023-11-19
362;Товар 0362;2;Популярные;4278;1880;9;2023-10-20
363;Товар 0363;4;Новинки;8355;5790;12;2025-06-17
364;Товар 0364;3;Премиум;5280;2340;23;2024-09-14
365;Товар 0365;5;Распродажа;6516;3738;93;2024-07-22
366;Товар 0366;3;Премиум;1360;827;8;2023-09-26
367;Товар 0367;4;Распродажа;5504;2872;31;2024-12-21
368;Товар 0368;2;Премиум;6746;2738;74;2023-12-19
369;Товар 0369;4;Новинки;13516;7328;45;2024-10-10
370;Товар 0370;2;Премиум;8930;5340;34;2025-02-20
371;Товар 0371;2;Популярные;12975;8985;68;2025-06-04
372;Товар 0372;22;Распродажа;1929;982;61;2025-06-06
373;Товар 0373;12;Распродажа;66492;44185;4;2023-10-29
374;Товар 0374;2;Новинки;10781;4611;2;2025-05-13
375;Товар 0375;21;Премиум;10648;7172;36;2024-01-15
376;Товар 0376;1;Новинки;13102;5547;2;2023-04-24
377;Товар 0377;4;Новинки;7705;3448;24;2023-11-04
378;Товар 0378;21;Новинки;11864;7111;68;2023-06-24
379;Товар 0379;4;Новинки;14498;8496;43;2023-05-09
380;Товар 0380;21;Распродажа;4574;3158;50;2025-01-02
381;Товар 0381;2;Распродажа;6976;4148;39;2024-12-27
382;Товар 0382;11;Популярные;73921;45727;2;2025-03-30
383;Товар 0383;22;Премиум;1875;1163;51;2024-08-07
384;Товар 0384;4;Новинки;12354;5064;64;2024-03-02
385;Товар 0385;1;Распродажа;10244;6796;38;2023-09-10
386;Товар 0386;22;Популярные;14979;9210;20;2023-06-08
387;Товар 0387;11;Распродажа;75367;55806;41;2024-04-04
388;Товар 0388;12;Популярные;64972;39169;100;2024-10-07
389;Товар 0389;2;Новинки;13446;8008;96;2024-01-20
390;Товар 0390;1;Премиум;6209;3723;79;2024-12-07
391;Товар 0391;21;Распродажа;3951;1842;10;2024-10-15
392;Товар 0392;3;Премиум;2573;1111;91;2024-12-15
393;Товар 0393;21;Новинки;3348;1656;55;2023-11-21
394;Товар 0394;12;Популярные;35551;24183;5;2023-07-10
395;Товар 0395;3;Новинки;9046;5400;33;2023-07-04
396;Товар 0396;21;Распродажа;6348;4133;59;2023-11-17
397;Товар 0397;4;Премиум;4386;2430;30;2025-03-16
398;Товар 0398;1;Премиум;9927;5232;67;2025-01-30
399;Товар 0399;12;Премиум;61340;38078;68;2024-03-31
400;Товар 0400;11;Распродажа;18549;14139;68;2025-01-26
401;Товар 0401;22;Премиум;9423;4085;95;2025-01-13
402;Товар 0402;3;Распродажа;8450;4720;20;2023-08-14
403;Товар 0403;3;Популярные;14023;6433;15;2025-04-28
404;Товар 0404;21;Распродажа;1544;941;60;2024-03-06
405;Товар 0405;11;Распродажа;16182;12942;17;2023-08-15
406;Товар 0406;22;Новинки;4048;1843;31;2023-12-23
407;Товар 0407;21;Новинки;14736;7608;26;2024-07-15
408;Товар 0408;21;Новинки;3916;2288;7;2024-02-16
409;Товар 0409;3;Новинки;4123;2220;82;2024-12-19
410;Товар 0410;21;Популярные;2353;1539;26;2024-01-06
411;Товар 0411;22;Новинки;3467;1517;63;2024-05-11
412;Товар 0412;11;Премиум;74673;47947;34;2024-04-16
413;Товар 0413;12;Новинки;50847;37669;1;2023-08-28
414;Товар 0414;22;Популярные;10208;6358;68;2024-04-16
415;Товар 0415;11;Популярные;72384;54297;33;2025-01-30
416;Товар 0416;21;Новинки;14712;8490;7;2023-12-11
417;Товар 0417;1;Распродажа;2998;1573;84;2024-02-26
418;Товар 0418;1;Популярные;2130;1349;6;2024-03-19
419;Товар 0419;12;Распродажа;76975;46568;74;2024-06-02
420;Товар 0420;21;Новинки;2771;1784;81;2023-10-25
421;Товар 0421;22;Распродажа;11314;4818;40;2025-06-07
422;Товар 0422;5;Распродажа;12032;7723;48;2023-05-11
423;Товар 0423;1;Премиум;5703;3828;98;2023-11-08
424;Товар 0424;5;Распродажа;542;233;40;2023-10-23
425;Товар 0425;3;Новинки;10802;7543;38;2024-01-10
426;Товар 0426;21;Распродажа;12029;5476;70;2024-06-18
427;Товар 0427;21;Распродажа;12199;5676;68;2024-03-08
428;Товар 0428;4;Новинки;12308;6803;80;2024-08-18
429;Товар 0429;22;Премиум;4621;2700;40;2023-09-25
430;Товар 0430;5;Новинки;3512;2232;24;2025-03-29
431;Товар 0431;1;Популярные;9123;4788;95;2023-07-09
432;Товар 0432;2;Распродажа;12707;6479;39;2025-03-19
433;Товар 0433;1;Распродажа;928;543;97;2024-05-07
434;Товар 0434;12;Распродажа;76519;46671;27;2025-03-22
435;Товар 0435;3;Премиум;4946;2850;72;2024-08-07
436;Товар 0436;4;Премиум;11261;7316;10;2024-10-09
437;Товар 0437;2;Популярные;1247;698;48;2024-03-04
438;Товар 0438;21;Премиум;12206;5583;49;2023-03-31
439;Товар 0439;21;Новинки;2268;1467;46;2025-01-19
440;Товар 0440;12;Новинки;18670;12413;44;2024-03-20
441;Товар 0441;3;Распродажа;7236;3505;72;2024-07-12
442;Товар 0442;11;Премиум;15851;11068;80;2023-06-15
443;Товар 0443;1;Распродажа;12518;5532;1;2023-04-18
444;Товар 0444;2;Распродажа;13390;5646;62;2024-05-02
445;Товар 0445;4;Популярные;10689;6629;82;2024-08-18
446;Товар 0446;1;Новинки;7153;3148;51;2024-09-26
447;Товар 0447;12;Новинки;52160;31556;70;2023-12-07
448;Товар 0448;1;Распродажа;12702;8712;93;2024-03-01
449;Товар 0449;4;Новинки;741;340;27;2023-04-25
450;Товар 0450;3;Новинки;12629;7245;20;2023-03-22
451;Товар 0451;4;Новинки;8168;4062;39;2024-05-17
452;Товар 0452;11;Популярные;25373;19794;16;2024-10-23
453;Товар 0453;3;Популярные;1096;671;82;2024-10-31
454;Товар 0454;21;Премиум;11307;7170;41;2023-04-02
455;Товар 0455;3;Распродажа;4753;2150;53;2023-06-27
456;Товар 0456;4;Популярные;7279;3033;100;2024-04-07
457;Товар 0457;4;Новинки;5086;3549;16;2024-07-18
458;Товар 0458;12;Премиум;43710;34385;77;2025-05-14
459;Товар 0459;4;Премиум;10549;4562;73;2025-07-07
460;Товар 0460;11;Распродажа;23600;18826;55;2023-07-12
461;Товар 0461;22;Премиум;1196;493;80;2024-08-08
462;Товар 0462;2;Новинки;4162;2722;89;2024-01-09
463;Товар 0463;22;Новинки;10125;4387;33;2024-12-06
464;Товар 0464;5;Популярные;2508;1343;18;2023-08-22
465;Товар 0465;3;Популярные;7535;5026;51;2023-07-01
466;Товар 0466;12;Популярные;16186;10792;48;2023-12-05
467;Товар 0467;22;Популярные;1902;924;87;2024-05-10
468;Товар 0468;3;Премиум;11175;7012;81;2025-02-01
469;Товар 0469;22;Популярные;7427;4463;72;2025-02-11
470;Товар 0470;1;Премиум;12039;6503;8;2025-02-19
471;Товар 0471;12;Новинки;58618;37448;0;2023-09-25
472;Товар 0472;1;Популярные;8102;5356;86;2024-09-16
473;Товар 0473;3;Новинки;13642;6540;40;2025-06-13
474;Товар 0474;4;Премиум;4555;2132;12;2025-06-07
475;Товар 0475;11;Премиум;23266;16133;86;2024-12-15
476;Товар 0476;21;Популярные;9281;5179;68;2023-05-23
477;Товар 0477;21;Премиум;10487;4750;61;2025-03-19
478;Товар 0478;1;Премиум;1586;855;13;2023-11-10
479;Товар 0479;1;Популярные;14384;10001;42;2025-06-27
480;Товар 0480;12;Популярные;71160;56895;63;2023-05-31
481;Товар 0481;11;Новинки;49784;33819;97;2023-08-14
482;Товар 0482;22;Премиум;4368;2146;65;2025-01-25
483;Товар 0483;12;Популярные;67359;53139;3;2024-10-17
484;Товар 0484;3;Новинки;14882;10240;36;2025-02-20
485;Товар 0485;1;Новинки;7441;5064;61;2023-12-26
486;Товар 0486;22;Распродажа;4745;2374;51;2024-11-02
487;Товар 0487;5;Новинки;1990;1026;60;2023-10-26
488;Товар 0488;11;Распродажа;43202;31779;86;2023-11-30
489;Товар 0489;21;Популярные;2891;2015;69;2025-05-02
490;Товар 0490;21;Популярные;9289;5521;50;2025-01-04
491;Товар 0491;5;Новинки;2041;1422;26;2024-01-25
492;Товар 0492;1;Новинки;2522;1317;100;2023-10-15
493;Товар 0493;4;Премиум;10952;5687;30;2023-05-02
494;Товар 0494;1;Распродажа;4095;2687;86;2024-07-15
495;Товар 0495;21;Новинки;2375;1008;34;2025-01-31
496;Товар 0496;1;Новинки;4943;2460;60;2024-07-12
497;Товар 0497;2;Новинки;11505;6891;19;2024-01-15
498;Товар 0498;1;Премиум;12951;5438;27;2023-04-02
499;Товар 0499;5;Популярные;1946;1066;72;2024-05-20
500;Товар 0500;3;Популярные;1930;862;76;2025-04-11
501;Товар 0501;11;Премиум;19652;11849;82;2023-06-24
502;Товар 0502;5;Распродажа;6849;4270;1;2023-07-04
503;Товар 0503;2;Новинки;10563;5032;4;2025-04-20
504;Товар 0504;2;Распродажа;3536;1670;10;2024-02-27
505;Товар 0505;11;Новинки;46346;34389;59;2024-08-06
506;Товар 0506;11;Популярные;21722;13588;93;2024-12-30
507;Товар 0507;21;Новинки;13376;9304;53;2024-02-15
508;Товар 0508;1;Популярные;1353;879;35;2023-07-03
509;Товар 0509;5;Новинки;8209;3826;48;2023-11-19
510;Товар 0510;21;Распродажа;1768;1049;34;2024-06-11
511;Товар 0511;1;Премиум;12322;7431;25;2025-02-21
512;Товар 0512;4;Популярные;10320;6784;39;2024-01-18
513;Товар 0513;3;Премиум;11024;5109;92;2025-06-30
514;Товар 0514;11;Распродажа;65009;50234;53;2023-08-31
515;Товар 0515;1;Премиум;5432;3193;37;2023-04-25
516;Товар 0516;12;Распродажа;45637;33116;94;2023-10-31
517;Товар 0517;1;Популярные;2784;1797;57;2025-08-04
518;Товар 0518;11;Новинки;39829;26920;17;2024-10-31
519;Товар 0519;21;Распродажа;5876;3531;78;2025-05-20
520;Товар 0520;12;Премиум;35744;27652;4;2025-04-02
521;Товар 0521;12;Премиум;78719;62754;54;2023-07-10
522;Товар 0522;12;Премиум;39439;30358;80;2024-09-02
523;Товар 0523;11;Премиум;22710;17435;20;2025-03-29
524;Товар 0524;1;Распродажа;3106;2073;57;2024-05-01
525;Товар 0525;21;Новинки;5673;3786;67;2024-06-03
526;Товар 0526;3;Новинки;7741;4974;99;2023-10-07
527;Товар 0527;2;Популярные;5658;2370;72;2025-07-11
528;Товар 0528;5;Новинки;12096;7449;73;2024-02-08
529;Товар 0529;21;Премиум;5067;2583;74;2025-07-30
530;Товар 0530;4;Распродажа;2743;1685;0;2023-06-29
531;Товар 0531;1;Распродажа;5450;2343;52;2023-08-04
532;Товар 0532;21;Популярные;9603;4978;24;2023-11-08
533;Товар 0533;1;Новинки;1337;571;74;2025-01-06
534;Товар 0534;11;Новинки;32890;20877;32;2023-10-22
535;Товар 0535;1;Новинки;6812;3548;91;2023-09-04
536;Товар 0536;5;Популярные;4387;2093;36;2025-07-26
537;Товар 0537;2;Новинки;1394;713;2;2024-07-07
538;Товар 0538;2;Популярные;5506;2976;19;2024-01-26
539;Товар 0539;3;Распродажа;14128;6732;61;2023-04-25
540;Товар 0540;12;Популярные;49027;32980;68;2025-04-26
541;Товар 0541;12;Новинки;20462;12769;10;2025-05-31
542;Товар 0542;22;Популярные;2971;1260;75;2024-01-30
543;Товар 0543;21;Популярные;8867;6193;91;2024-02-02
544;Товар 0544;4;Новинки;12724;5918;14;2024-12-05
545;Товар 0545;2;Новинки;13850;5720;46;2023-05-15
546;Товар 0546;22;Премиум;5292;2943;27;2025-05-02
547;Товар 0547;11;Популярные;29648;21979;67;2025-04-07
548;Товар 0548;3;Распродажа;6036;3791;28;2024-02-02
549;Товар 0549;2;Популярные;10854;6699;89;2025-01-03
550;Товар 0550;11;Популярные;42805;28359;0;2024-02-04
551;Товар 0551;12;Премиум;36690;23700;66;2024-04-21
552;Товар 0552;11;Премиум;67645;53529;88;2023-08-21
553;Товар 0553;22;Популярные;3278;2079;59;2025-05-27
554;Товар 0554;22;Новинки;7906;3399;85;2024-06-06
555;Товар 0555;11;Премиум;43200;26899;77;2025-03-06
556;Товар 0556;5;Популярные;7900;3408;26;2023-09-10
557;Товар 0557;3;Популярные;7121;3813;68;2023-04-18
558;Товар 0558;4;Распродажа;9602;5991;96;2024-09-03
559;Товар 0559;5;Популярные;14405;9628;91;2024-07-15
560;Товар 0560;4;Распродажа;2602;1221;10;2025-06-03
561;Товар 0561;3;Новинки;10643;7055;61;2024-03-07
562;Товар 0562;3;Популярные;9707;4723;43;2024-11-26
563;Товар 0563;3;Новинки;6474;3995;36;2023-12-09
564;Товар 0564;11;Новинки;49381;31244;15;2025-06-06
565;Товар 0565;4;Новинки;2070;1302;37;2024-04-19
566;Товар 0566;3;Популярные;10729;4821;70;2024-06-09
567;Товар 0567;1;Новинки;3551;2392;95;2023-05-10
568;Товар 0568;3;Новинки;5949;3991;65;2024-02-17
569;Товар 0569;11;Популярные;67326;47649;41;2024-11-23
570;Товар 0570;4;Распродажа;12958;7785;56;2024-09-16
571;Товар 0571;2;Новинки;4290;1850;88;2023-06-18
572;Товар 0572;11;Популярные;79663;57509;56;2025-05-17
573;Товар 0573;1;Новинки;7162;4010;58;2024-10-30
574;Товар 0574;22;Новинки;12362;7476;71;2024-08-11
575;Товар 0575;2;Премиум;3663;2374;85;2024-12-02
576;Товар 0576;21;Популярные;9474;4547;49;2023-08-20
577;Товар 0577;22;Популярные;13179;6796;13;2025-03-23
578;Товар 0578;1;Распродажа;11947;6775;88;2023-10-05
579;Товар 0579;21;Популярные;866;562;34;2024-07-29
580;Товар 0580;22;Распродажа;4712;3104;87;2023-05-15
581;Товар 0581;12;Популярные;62213;38524;59;2024-07-26
582;Товар 0582;22;Популярные;10922;6486;98;2024-08-14
583;Товар 0583;21;Популярные;3136;1296;53;2025-07-05
584;Товар 0584;21;Премиум;9449;3944;71;2025-07-13
585;Товар 0585;11;Премиум;35682;26262;69;2024-09-17
586;Товар 0586;22;Распродажа;1284;840;82;2024-12-25
587;Товар 0587;22;Новинки;3937;1995;95;2025-07-20
588;Товар 0588;5;Популярные;4980;2569;35;2023-05-29
589;Товар 0589;2;Распродажа;13179;8354;84;2024-09-15
590;Товар 0590;22;Премиум;12096;5236;91;2023-09-09
591;Товар 0591;1;Премиум;2752;1559;29;2024-07-30
592;Товар 0592;3;Новинки;2105;1032;58;2023-06-06
593;Товар 0593;11;Распродажа;37049;23994;92;2024-01-08
594;Товар 0594;2;Популярные;3536;2471;13;2025-01-29
595;Товар 0595;22;Популярные;1645;945;53;2024-04-25
596;Товар 0596;1;Премиум;2885;1526;72;2023-12-10
597;Товар 0597;2;Популярные;9660;3873;87;2023-11-26
598;Товар 0598;5;Премиум;6896;3722;16;2024-06-09
599;Товар 0599;2;Популярные;3724;2338;3;2025-04-04
600;Товар 0600;11;Новинки;45320;27567;14;2025-07-13
601;Товар 0601;22;Популярные;10630;4822;81;2025-07-08
602;Товар 0602;11;Новинки;33783;21479;13;2023-12-03
603;Товар 0603;2;Популярные;1615;1069;96;2024-02-05
604;Товар 0604;2;Популярные;13029;6441;46;2024-04-28
605;Товар 0605;5;Новинки;9922;6190;10;2024-04-27
606;Товар 0606;2;Новинки;10043;6667;51;2025-06-05
607;Товар 0607;4;Премиум;830;465;65;2025-03-24
608;Товар 0608;1;Новинки;7004;3521;85;2024-01-14
609;Товар 0609;1;Распродажа;3451;1466;72;2024-11-15
610;Товар 0610;4;Новинки;13750;5774;89;2023-09-21
611;Товар 0611;3;Распродажа;4965;3112;97;2023-05-26
612;Товар 0612;21;Распродажа;8099;5369;26;2023-07-14
613;Товар 0613;3;Распродажа;8958;5363;64;2024-08-13
614;Товар 0614;1;Новинки;5265;3577;63;2025-06-22
615;Товар 0615;4;Новинки;6292;3589;84;2025-04-04
616;Товар 0616;12;Распродажа;20238;14657;78;2023-12-27
617;Товар 0617;11;Популярные;46814;33790;37;2025-07-07
618;Товар 0618;1;Распродажа;10275;5829;45;2024-07-07
619;Товар 0619;2;Новинки;4306;1926;76;2025-04-04
620;Товар 0620;11;Премиум;27214;21369;49;2024-02-10
621;Товар 0621;1;Распродажа;7941;5121;89;2023-08-20
622;Товар 0622;22;Новинки;12264;5250;96;2025-07-20
623;Товар 0623;21;Популярные;10533;4836;90;2023-05-20
624;Товар 0624;1;Распродажа;14482;8927;6;2023-11-09
625;Товар 0625;12;Распродажа;56533;39658;72;2023-08-03
626;Товар 0626;2;Новинки;3739;1629;56;2023-08-02
627;Товар 0627;2;Новинки;3591;1921;76;2023-07-02
628;Товар 0628;3;Распродажа;10284;6137;39;2024-06-22
629;Товар 0629;21;Популярные;4470;3045;69;2024-12-15
630;Товар 0630;5;Популярные;13810;9313;54;2024-05-17
631;Товар 0631;3;Распродажа;9682;6041;89;2024-07-17
632;Товар 0632;22;Популярные;1200;783;39;2023-11-02
633;Товар 0633;1;Распродажа;10954;4674;38;2024-01-02
634;Товар 0634;1;Популярные;2076;1310;0;2025-01-01
635;Товар 0635;2;Новинки;14711;10262;99;2025-03-22
636;Товар 0636;5;Премиум;6773;3687;63;2023-11-16
637;Товар 0637;12;Распродажа;23835;15988;100;2025-05-23
638;Товар 0638;2;Распродажа;14763;7333;88;2023-10-14
639;Товар 0639;3;Распродажа;9767;4550;26;2025-07-01
640;Товар 0640;2;Премиум;7844;3661;60;2024-10-02
641;Товар 0641;22;Популярные;12813;6745;30;2024-11-09
642;Товар 0642;12;Новинки;48589;33380;40;2024-12-27
643;Товар 0643;1;Популярные;5197;3520;63;2024-10-23
644;Товар 0644;3;Популярные;1033;442;48;2024-03-23
645;Товар 0645;12;Премиум;34102;25975;8;2024-11-10
646;Товар 0646;11;Распродажа;28599;22767;43;2025-03-12
647;Товар 0647;21;Премиум;1533;996;54;2023-10-01
648;Товар 0648;22;Премиум;3962;2052;79;2024-09-03
649;Товар 0649;12;Новинки;44502;34958;25;2024-02-12
650;Товар 0650;1;Премиум;5394;2740;67;2023-05-30
651;Товар 0651;2;Распродажа;688;294;4;2024-04-22
652;Товар 0652;5;Популярные;4247;2817;94;2023-10-20
653;Товар 0653;12;Новинки;22674;17520;95;2024-01-02
654;Товар 0654;4;Популярные;2688;1520;59;2024-09-05
655;Товар 0655;22;Премиум;12676;8212;15;2023-07-28
656;Товар 0656;4;Новинки;7530;4401;13;2024-11-21
657;Товар 0657;4;Премиум;10478;5444;76;2024-12-12
658;Товар 0658;5;Премиум;3235;1422;10;2023-05-15
659;Товар 0659;11;Распродажа;65968;51996;71;2023-09-24
660;Товар 0660;1;Распродажа;4801;3246;78;2025-06-04
661;Товар 0661;5;Новинки;12274;8539;75;2025-05-20
662;Товар 0662;22;Новинки;5835;2783;88;2023-10-16
663;Товар 0663;12;Новинки;31132;22223;82;2024-09-16
664;Товар 0664;12;Популярные;76277;58570;24;2023-08-02
665;Товар 0665;12;Новинки;19248;13960;18;2024-06-08
666;Товар 0666;4;Распродажа;10733;6399;54;2023-11-06
667;Товар 0667;22;Распродажа;9014;3788;59;2023-09-17
668;Товар 0668;5;Новинки;3026;1796;20;2023-06-21
669;Товар 0669;21;Премиум;5806;3863;12;2024-10-24
670;Товар 0670;11;Новинки;54256;41388;71;2025-05-16
671;Товар 0671;11;Новинки;44744;32347;56;2025-08-05
672;Товар 0672;5;Новинки;6430;2926;1;2025-04-25
673;Товар 0673;2;Премиум;6059;2502;32;2023-06-17
674;Товар 0674;4;Новинки;9086;3939;91;2024-02-03
675;Товар 0675;3;Новинки;1663;854;55;2024-03-05
676;Товар 0676;12;Новинки;23242;17162;62;2025-08-03
677;Товар 0677;12;Популярные;54897;39560;19;2024-01-28
678;Товар 0678;11;Премиум;34870;26151;49;2023-09-10
679;Товар 0679;5;Популярные;14814;8812;54;2024-01-05
680;Товар 0680;21;Распродажа;13425;7519;52;2023-11-10
681;Товар 0681;22;Популярные;14735;10043;84;2025-07-08
682;Товар 0682;2;Премиум;1867;1139;97;2023-06-11
683;Товар 0683;12;Премиум;17806;11882;39;2023-03-23
684;Товар 0684;11;Распродажа;57164;40377;61;2025-07-08
685;Товар 0685;5;Новинки;9754;5242;94;2023-04-07
686;Товар 0686;22;Новинки;4516;2436;97;2023-06-11
687;Товар 0687;2;Распродажа;14467;7707;66;2023-05-03
688;Товар 0688;11;Новинки;74392;58470;3;2023-12-15
689;Товар 0689;11;Распродажа;78833;50549;73;2024-10-14
690;Товар 0690;4;Новинки;8836;4810;58;2024-06-18
691;Товар 0691;5;Распродажа;11982;5647;27;2024-04-19
692;Товар 0692;11;Премиум;78452;62256;2;2025-03-18
693;Товар 0693;3;Популярные;14355;8078;97;2023-08-23
694;Товар 0694;5;Новинки;998;419;24;2025-02-05
695;Товар 0695;11;Новинки;75304;54840;16;2023-08-09
696;Товар 0696;1;Распродажа;1639;1130;72;2023-08-02
697;Товар 0697;3;Распродажа;4689;2356;4;2025-01-18
698;Товар 0698;11;Популярные;61109;43094;0;2023-06-16
699;Товар 0699;21;Популярные;1972;994;61;2023-11-08
700;Товар 0700;21;Популярные;14794;7933;29;2024-12-07
701;Товар 0701;11;Популярные;48350;34818;42;2025-04-11
702;Товар 0702;12;Новинки;75063;49668;82;2025-04-03
703;Товар 0703;11;Распродажа;40338;30484;2;2024-12-17
704;Товар 0704;21;Распродажа;12223;8369;7;2024-09-18
705;Товар 0705;5;Распродажа;11264;5442;19;2024-01-21
706;Товар 0706;3;Распродажа;5767;3092;34;2024-02-15
707;Товар 0707;1;Распродажа;9813;6790;79;2023-08-14
708;Товар 0708;5;Распродажа;11217;6820;50;2024-12-09
709;Товар 0709;12;Новинки;16502;10526;26;2023-09-24
710;Товар 0710;1;Новинки;11565;7895;51;2025-01-17
711;Товар 0711;1;Новинки;11652;6359;99;2024-04-23
712;Товар 0712;21;Премиум;9130;4441;23;2024-08-26
713;Товар 0713;21;Популярные;12820;5574;51;2024-04-28
714;Товар 0714;21;Премиум;3686;2305;45;2023-06-06
715;Товар 0715;2;Распродажа;8294;4897;25;2025-02-27
716;Товар 0716;12;Премиум;56779;44397;62;2024-08-20
717;Товар 0717;2;Популярные;1656;910;96;2025-06-06
718;Товар 0718;1;Распродажа;8184;4411;45;2025-04-16
719;Товар 0719;3;Премиум;7864;3336;24;2024-10-01
720;Товар 0720;12;Новинки;54044;39439;39;2023-09-01
721;Товар 0721;4;Премиум;5819;3925;89;2025-01-28
722;Товар 0722;1;Премиум;11843;4875;79;2024-06-18
723;Товар 0723;1;Популярные;4350;2213;52;2025-07-30
724;Товар 0724;3;Премиум;11619;6298;2;2025-02-08
725;Товар 0725;2;Премиум;13426;7235;87;2024-12-18
726;Товар 0726;11;Распродажа;22426;15098;48;2025-05-03
727;Товар 0727;21;Распродажа;4622;2427;80;2025-01-24
728;Товар 0728;11;Распродажа;23722;17799;32;2023-09-07
729;Товар 0729;22;Распродажа;11143;6520;15;2025-02-28
730;Товар 0730;2;Премиум;14533;8074;24;2025-03-08
731;Товар 0731;1;Распродажа;3756;1524;71;2024-02-27
732;Товар 0732;4;Новинки;14924;7889;63;2024-08-09
733;Товар 0733;4;Популярные;11527;5560;60;2025-06-01
734;Товар 0734;5;Популярные;10290;4213;59;2024-06-10
735;Товар 0735;2;Премиум;4255;2518;61;2024-09-10
736;Товар 0736;22;Распродажа;11305;4952;9;2023-07-21
737;Товар 0737;4;Новинки;14133;7538;48;2023-09-24
738;Товар 0738;5;Новинки;6902;2935;66;2025-03-05
739;Товар 0739;3;Премиум;12122;7624;8;2024-07-18
740;Товар 0740;1;Распродажа;5630;2328;52;2025-06-03
741;Товар 0741;21;Распродажа;4125;2886;36;2024-04-05
742;Товар 0742;11;Распродажа;61355;48799;90;2023-05-24
743;Товар 0743;22;Премиум;10664;4853;63;2024-09-20
744;Товар 0744;1;Популярные;11889;6401;82;2023-08-05
745;Товар 0745;4;Новинки;4661;2455;89;2025-05-25
746;Товар 0746;11;Премиум;40478;24482;88;2023-10-18
747;Товар 0747;2;Премиум;13935;5888;68;2024-07-13
748;Товар 0748;2;Распродажа;536;260;80;2023-10-22
749;Товар 0749;5;Премиум;978;572;6;2023-12-06
750;Товар 0750;2;Новинки;4013;2484;82;2024-11-06
751;Товар 0751;3;Распродажа;10237;4626;89;2023-09-20
752;Товар 0752;3;Новинки;1428;623;57;2024-05-24
753;Товар 0753;5;Распродажа;13058;6460;45;2023-09-22
754;Товар 0754;1;Распродажа;13788;7700;32;2025-06-15
755;Товар 0755;22;Распродажа;10549;5306;3;2023-04-27
756;Товар 0756;11;Премиум;50731;37237;76;2025-06-06
757;Товар 0757;12;Популярные;20792;13692;30;2023-03-19
758;Товар 0758;11;Популярные;34556;25275;80;2023-12-18
759;Товар 0759;22;Премиум;625;426;16;2025-03-30
760;Товар 0760;1;Распродажа;13306;6463;29;2024-01-16
761;Товар 0761;1;Распродажа;14365;7638;41;2024-01-03
762;Товар 0762;3;Распродажа;4532;3152;64;2023-08-03
763;Товар 0763;2;Новинки;965;537;87;2025-07-25
764;Товар 0764;5;Новинки;10924;7566;51;2023-06-17
765;Товар 0765;21;Популярные;9998;6026;41;2025-07-08
766;Товар 0766;12;Премиум;49640;37864;51;2025-04-11
767;Товар 0767;4;Новинки;12122;6789;83;2024-06-23
768;Товар 0768;21;Распродажа;12033;8253;68;2023-04-14
769;Товар 0769;4;Популярные;8087;5326;88;2024-02-13
770;Товар 0770;2;Новинки;6599;3441;19;2023-06-24
771;Товар 0771;11;Премиум;48374;33257;90;2024-08-16
772;Товар 0772;11;Распродажа;22315;14819;92;2023-06-17
773;Товар 0773;5;Распродажа;3595;2018;62;2025-05-13
774;Товар 0774;5;Распродажа;8566;4644;50;2023-07-30
775;Товар 0775;3;Премиум;10939;7587;73;2025-03-11
776;Товар 0776;5;Распродажа;2344;1481;53;2025-07-10
777;Товар 0777;5;Популярные;4934;3334;97;2024-03-15
778;Товар 0778;21;Премиум;9088;4334;16;2024-06-01
779;Товар 0779;21;Популярные;6061;2876;45;2023-05-19
780;Товар 0780;4;Новинки;7077;3900;29;2023-08-04
781;Товар 0781;11;Популярные;79564;57313;27;2024-11-01
782;Товар 0782;21;Распродажа;832;399;96;2024-03-08
783;Товар 0783;2;Популярные;8897;6201;95;2024-08-26
784;Товар 0784;4;Распродажа;3765;1875;99;2024-06-09
785;Товар 0785;4;Новинки;13944;6088;50;2024-08-17
786;Товар 0786;3;Популярные;3189;2150;89;2024-03-24
787;Товар 0787;1;Премиум;6621;3589;60;2024-12-02
788;Товар 0788;1;Распродажа;2494;1577;50;2024-05-30
789;Товар 0789;11;Премиум;76471;48850;20;2023-12-21
790;Товар 0790;4;Популярные;4198;1801;46;2023-03-31
791;Товар 0791;1;Новинки;13408;7075;65;2024-03-01
792;Товар 0792;5;Новинки;3262;1658;36;2023-04-17
793;Товар 0793;12;Новинки;49904;31155;36;2023-08-31
794;Товар 0794;4;Премиум;3836;2410;39;2023-08-15
795;Товар 0795;4;Новинки;14348;6717;11;2024-09-17
796;Товар 0796;2;Премиум;11924;7358;93;2024-10-07
797;Товар 0797;2;Новинки;13670;7235;34;2023-10-15
798;Товар 0798;21;Популярные;7801;4123;76;2024-07-24
799;Товар 0799;12;Распродажа;77570;61945;44;2023-08-05
800;Товар 0800;5;Популярные;11528;5483;78;2023-06-17
801;Товар 0801;5;Распродажа;1814;829;43;2024-01-31
802;Товар 0802;21;Распродажа;8752;4787;38;2024-12-24
803;Товар 0803;4;Премиум;12649;6960;75;2024-12-30
804;Товар 0804;2;Новинки;8787;5115;18;2025-06-08
805;Товар 0805;5;Распродажа;5473;3668;65;2023-09-13
806;Товар 0806;22;Распродажа;14538;8518;82;2024-12-10
807;Товар 0807;3;Новинки;13194;8382;91;2023-05-16
808;Товар 0808;5;Премиум;5642;2521;45;2023-10-30
809;Товар 0809;22;Распродажа;7235;3497;5;2023-11-14
810;Товар 0810;3;Популярные;4090;2225;67;2023-09-20
811;Товар 0811;4;Новинки;5031;3098;36;2025-06-30
812;Товар 0812;4;Популярные;2273;1065;82;2023-09-15
813;Товар 0813;5;Популярные;5905;4106;83;2023-09-03
814;Товар 0814;1;Распродажа;6119;3930;41;2023-10-12
815;Товар 0815;2;Распродажа;7987;5388;92;2025-01-24
816;Товар 0816;12;Новинки;27159;20659;32;2023-06-30
817;Товар 0817;12;Новинки;41717;26052;51;2024-09-19
818;Товар 0818;5;Новинки;1011;448;3;2023-03-19
819;Товар 0819;21;Популярные;13377;8396;89;2023-04-09
820;Товар 0820;2;Новинки;667;458;63;2023-06-04
821;Товар 0821;22;Новинки;1630;841;86;2023-07-25
822;Товар 0822;3;Популярные;524;214;22;2024-02-01
823;Товар 0823;11;Распродажа;77446;51714;94;2025-06-20
824;Товар 0824;22;Распродажа;14214;9017;3;2025-01-10
825;Товар 0825;2;Премиум;1495;683;5;2024-08-16
826;Товар 0826;1;Новинки;7237;5014;44;2024-03-26
827;Товар 0827;11;Премиум;79209;59655;57;2023-08-05
828;Товар 0828;4;Популярные;3579;1812;29;2025-01-23
829;Товар 0829;1;Распродажа;1634;824;42;2025-01-22
830;Товар 0830;1;Популярные;6645;3681;62;2025-01-05
831;Товар 0831;5;Новинки;1332;872;69;2025-06-11
832;Товар 0832;5;Популярные;11635;5574;9;2023-04-20
833;Товар 0833;22;Распродажа;5762;2648;52;2025-04-25
834;Товар 0834;3;Новинки;5873;4081;53;2024-05-03
835;Товар 0835;12;Премиум;35086;23585;38;2024-04-10
836;Товар 0836;4;Популярные;10380;4555;77;2025-06-21
837;Товар 0837;4;Премиум;1471;882;82;2024-01-04
838;Товар 0838;11;Новинки;31569;23991;20;2023-07-31
839;Товар 0839;12;Распродажа;47144;35861;42;2023-09-24
840;Товар 0840;4;Распродажа;1977;1056;65;2023-04-25
841;Товар 0841;11;Новинки;30657;24272;81;2025-06-21
842;Товар 0842;1;Популярные;14496;9654;41;2024-01-06
843;Товар 0843;21;Распродажа;672;302;83;2025-07-17
844;Товар 0844;1;Популярные;645;261;27;2025-07-31
845;Товар 0845;22;Премиум;11801;5998;83;2023-11-27
846;Товар 0846;2;Распродажа;742;383;79;2025-07-12
847;Товар 0847;4;Премиум;8645;5332;8;2024-07-26
848;Товар 0848;1;Распродажа;4552;2276;12;2024-05-22
849;Товар 0849;11;Премиум;26177;16757;82;2024-05-29
850;Товар 0850;5;Распродажа;2241;1163;6;2024-12-26
851;Товар 0851;1;Распродажа;14785;7082;24;2025-07-21
852;Товар 0852;5;Распродажа;12010;6592;34;2025-06-07
853;Товар 0853;21;Распродажа;10766;5380;45;2023-07-20
854;Товар 0854;5;Популярные;11513;6855;18;2024-04-07
855;Товар 0855;5;Популярные;6861;4551;18;2024-03-10
856;Товар 0856;12;Премиум;51927;37833;8;2023-10-22
857;Товар 0857;11;Новинки;43357;31435;17;2024-02-24
858;Товар 0858;4;Распродажа;8652;5114;70;2025-01-18
859;Товар 0859;2;Новинки;5010;2298;94;2023-10-28
860;Товар 0860;5;Премиум;6803;3486;89;2024-03-11
861;Товар 0861;2;Распродажа;11365;6707;18;2024-01-22
862;Товар 0862;3;Популярные;2834;1235;55;2025-05-11
863;Товар 0863;5;Новинки;11552;4994;100;2024-03-08
864;Товар 0864;3;Новинки;13753;9337;31;2024-11-30
865;Товар 0865;21;Популярные;13347;5612;41;2024-06-20
866;Товар 0866;22;Популярные;12370;7180;41;2025-06-16
867;Товар 0867;2;Распродажа;2300;1186;92;2023-09-07
868;Товар 0868;3;Новинки;14672;9896;16;2024-08-10
869;Товар 0869;3;Премиум;3672;1985;76;2024-01-01
870;Товар 0870;11;Популярные;52580;34299;65;2024-06-13
871;Товар 0871;12;Новинки;31977;21391;83;2024-12-03
872;Товар 0872;4;Популярные;2490;1694;84;2023-04-30
873;Товар 0873;12;Популярные;63123;38011;46;2024-03-04
874;Товар 0874;11;Популярные;73701;54191;1;2025-07-21
875;Товар 0875;3;Распродажа;4119;1889;10;2023-07-20
876;Товар 0876;2;Новинки;14712;8779;28;2023-12-02
877;Товар 0877;21;Распродажа;10094;4063;38;2024-02-03
878;Товар 0878;21;Распродажа;8366;4367;65;2023-06-26
879;Товар 0879;2;Популярные;10676;6110;21;2025-04-10
880;Товар 0880;4;Распродажа;10989;5178;35;2023-04-10
881;Товар 0881;3;Популярные;5567;3239;97;2024-12-28
882;Товар 0882;21;Популярные;6878;4124;27;2024-07-14
883;Товар 0883;2;Распродажа;5051;2698;92;2025-04-09
884;Товар 0884;3;Распродажа;4236;2386;66;2025-05-14
885;Товар 0885;2;Премиум;11088;7423;51;2025-03-11
886;Товар 0886;22;Популярные;13986;9156;81;2025-01-14
887;Товар 0887;1;Новинки;6578;4103;4;2024-03-30
888;Товар 0888;3;Распродажа;5608;3229;89;2023-05-18
889;Товар 0889;5;Премиум;2286;1340;24;2025-04-01
890;Товар 0890;1;Распродажа;1117;525;63;2025-03-29
891;Товар 0891;2;Распродажа;1029;504;2;2023-06-25
892;Товар 0892;2;Популярные;7389;5054;72;2023-10-26
893;Товар 0893;21;Распродажа;742;406;28;2024-09-23
894;Товар 0894;22;Популярные;10449;4695;47;2023-07-26
895;Товар 0895;22;Премиум;10475;5251;96;2024-12-28
896;Товар 0896;4;Популярные;13980;8629;40;2024-01-27
897;Товар 0897;1;Новинки;5883;3952;42;2025-04-25
898;Товар 0898;12;Премиум;73876;44763;12;2023-12-11
899;Товар 0899;4;Новинки;10421;4186;4;2025-03-16
900;Товар 0900;22;Новинки;2974;1967;63;2024-08-15
901;Товар 0901;21;Новинки;4604;2576;41;2023-03-24
902;Товар 0902;21;Распродажа;14459;8799;42;2025-05-21
903;Товар 0903;21;Премиум;9712;6521;20;2023-07-01
904;Товар 0904;2;Новинки;4729;3191;28;2023-09-28
905;Товар 0905;22;Распродажа;12069;7498;34;2024-08-18
906;Товар 0906;3;Популярные;14488;6720;10;2023-09-27
907;Товар 0907;3;Распродажа;3370;1522;53;2024-04-01
908;Товар 0908;22;Распродажа;8879;6088;41;2023-11-27
909;Товар 0909;3;Премиум;3385;1905;87;2024-03-04
910;Товар 0910;4;Популярные;14724;9189;64;2023-07-14
911;Товар 0911;3;Популярные;840;408;26;2023-07-26
912;Товар 0912;21;Премиум;10361;4455;93;2024-11-01
913;Товар 0913;12;Распродажа;37701;30113;21;2024-04-20
914;Товар 0914;22;Популярные;5774;3869;61;2024-10-16
915;Товар 0915;21;Новинки;3213;1817;84;2024-03-10
916;Товар 0916;2;Премиум;8673;4120;86;2023-04-20
917;Товар 0917;2;Новинки;9407;4558;52;2023-09-22
918;Товар 0918;11;Премиум;24036;15887;75;2023-05-11
919;Товар 0919;21;Премиум;3236;1805;41;2023-10-01
920;Товар 0920;12;Популярные;58862;46312;36;2025-05-07
921;Товар 0921;11;Премиум;69685;53237;88;2024-04-09
922;Товар 0922;1;Распродажа;7121;2875;52;2025-04-14
923;Товар 0923;4;Популярные;833;394;42;2024-05-21
924;Товар 0924;2;Распродажа;13972;5934;39;2023-12-26
925;Товар 0925;21;Популярные;2458;1142;42;2023-09-26
926;Товар 0926;21;Премиум;13295;5592;57;2025-04-01
927;Товар 0927;3;Популярные;14281;9362;18;2023-09-11
928;Товар 0928;5;Новинки;3165;2043;85;2025-02-15
929;Товар 0929;4;Новинки;3336;1789;30;2023-06-11
930;Товар 0930;1;Популярные;4971;2544;57;2023-10-02
931;Товар 0931;2;Премиум;5439;3488;16;2024-06-02
932;Товар 0932;3;Распродажа;7094;4512;95;2024-07-22
933;Товар 0933;5;Новинки;10277;6779;90;2024-03-30
934;Товар 0934;5;Премиум;11979;5556;3;2024-01-14
935;Товар 0935;22;Премиум;11410;7774;66;2024-02-22
936;Товар 0936;1;Новинки;5943;3159;67;2025-01-22
937;Товар 0937;22;Премиум;6985;4871;13;2023-11-09
938;Товар 0938;21;Новинки;13366;8054;27;2023-03-23
939;Товар 0939;1;Популярные;14728;8067;22;2025-03-24
940;Товар 0940;3;Популярные;8685;5745;56;2023-05-07
941;Товар 0941;2;Премиум;4070;2137;6;2024-05-29
942;Товар 0942;21;Распродажа;10309;5430;73;2024-06-16
943;Товар 0943;3;Новинки;7421;5128;29;2025-06-13
944;Товар 0944;5;Новинки;2020;1233;18;2025-05-17
945;Товар 0945;11;Распродажа;41906;29362;86;2023-03-20
946;Товар 0946;1;Новинки;1732;876;73;2024-05-22
947;Товар 0947;12;Распродажа;55174;38649;57;2023-05-26
948;Товар 0948;22;Новинки;4089;1919;37;2024-06-30
949;Товар 0949;2;Популярные;14068;8609;90;2025-07-20
950;Товар 0950;4;Новинки;7487;4559;57;2023-10-03
951;Товар 0951;22;Распродажа;2842;1337;57;2023-03-21
952;Товар 0952;5;Распродажа;5151;2419;9;2024-07-22
953;Товар 0953;3;Распродажа;11693;5985;93;2024-03-12
954;Товар 0954;21;Новинки;9085;4831;60;2024-12-08
955;Товар 0955;2;Новинки;12714;6286;84;2024-06-12
956;Товар 0956;5;Популярные;3464;1574;0;2023-09-08
957;Товар 0957;12;Премиум;49685;30371;56;2025-04-12
958;Товар 0958;22;Популярные;7480;4812;40;2023-05-12
959;Товар 0959;21;Популярные;7143;3352;87;2023-04-04
960;Товар 0960;21;Новинки;13887;6767;77;2024-01-28
961;Товар 0961;12;Популярные;63121;45622;80;2025-06-14
962;Товар 0962;11;Новинки;59071;35675;50;2023-11-03
963;Товар 0963;12;Новинки;55699;43869;23;2025-02-12
964;Товар 0964;1;Популярные;6147;3090;88;2023-10-15
965;Товар 0965;3;Распродажа;11733;5786;98;2025-05-14
966;Товар 0966;22;Популярные;13890;8110;6;2023-08-17
967;Товар 0967;12;Премиум;29284;18980;69;2024-12-09
968;Товар 0968;12;Премиум;50516;32569;43;2023-10-05
969;Товар 0969;4;Популярные;11415;6182;59;2024-02-13
970;Товар 0970;21;Премиум;5814;3832;46;2025-01-06
971;Товар 0971;12;Популярные;16845;10975;74;2025-07-09
972;Товар 0972;4;Новинки;10045;6884;7;2023-12-04
973;Товар 0973;11;Новинки;22653;15583;0;2023-12-04
974;Товар 0974;12;Новинки;65036;47774;50;2024-09-22
975;Товар 0975;11;Премиум;28884;18285;46;2023-07-06
976;Товар 0976;21;Премиум;8300;5385;14;2024-07-19
977;Товар 0977;21;Новинки;501;325;84;2023-09-13
978;Товар 0978;2;Распродажа;9205;4418;76;2025-04-10
979;Товар 0979;4;Популярные;13338;8058;86;2023-07-26
980;Товар 0980;12;Популярные;57617;37104;65;2025-03-04
981;Товар 0981;21;Новинки;7026;3674;80;2024-04-07
982;Товар 0982;2;Премиум;9562;5497;70;2024-06-18
983;Товар 0983;21;Популярные;3806;2537;8;2024-04-03
984;Товар 0984;2;Распродажа;3981;1687;39;2023-06-09
985;Товар 0985;12;Новинки;47281;35127;81;2024-04-11
986;Товар 0986;3;Популярные;4036;1734;1;2025-01-05
987;Товар 0987;22;Популярные;14496;7385;67;2024-04-05
988;Товар 0988;5;Популярные;5283;2955;22;2024-06-19
989;Товар 0989;4;Популярные;5673;3921;42;2025-05-07
990;Товар 0990;12;Премиум;53875;36133;59;2024-08-20
991;Товар 0991;11;Распродажа;37621;30086;10;2023-08-13
992;Товар 0992;21;Популярные;7753;5374;3;2023-11-15
993;Товар 0993;3;Популярные;3175;2109;20;2024-01-21
994;Товар 0994;4;Распродажа;4771;2691;71;2023-11-22
995;Товар 0995;22;Распродажа;14454;9368;71;2024-04-19
996;Товар 0996;3;Распродажа;2738;1326;55;2023-10-16
997;Товар 0997;3;Новинки;10349;6454;70;2024-08-03
998;Товар 0998;21;Распродажа;11857;4779;97;2024-05-27
999;Товар 0999;3;Новинки;11728;4718;47;2024-01-12
1000;Товар 1000;21;Новинки;1465;692;77;2023-10-29
